low,up,y_test
1.8054892655533257,5.0,5.0
1.8054892655533257,5.0,5.0
1.8054892655533257,5.0,5.0
1.8054892655533257,5.0,4.0
1.610951969707766,5.0,3.0
1.8054892655533257,5.0,5.0
1.8054892655533257,5.0,4.0
1.8054892655533257,5.0,5.0
1.8054892655533257,5.0,5.0
1.8046578233385433,5.0,3.0
1.8054892655533257,5.0,5.0
1.8054892655533257,5.0,4.0
1.8054892655533257,5.0,4.0
1.8054892655533257,5.0,4.0
1.8054892655533257,5.0,5.0
1.8054892655533257,5.0,5.0
1.8054892655533257,5.0,3.0
1.8054892655533257,5.0,4.0
1.8054892655533257,5.0,5.0
1.8054892655533257,5.0,4.0
1.8054892655533257,5.0,4.0
1.8054892655533257,5.0,5.0
1.8054892655533257,5.0,4.0
1.8054892655533257,5.0,5.0
1.8054892655533257,5.0,3.0
1.8054892655533257,5.0,5.0
1.8054892655533257,5.0,5.0
1.8054892655533257,4.000026561398887,5.0
1.8054892655533257,5.0,5.0
1.8054892655533257,5.0,5.0
1.8054892655533257,5.0,3.0
1.8054892655533257,5.0,2.0
1.8054892655533257,5.0,4.0
1.8054892655533257,5.0,5.0
1.8054892655533257,5.0,3.0
1.8054892655533257,5.0,3.0
1.8054892655533257,5.0,5.0
1.8054892655533257,5.0,5.0
1.8054892655533257,5.0,5.0
1.8054892655533257,5.0,5.0
1.8054892655533257,5.0,5.0
1.8054892655533257,5.0,4.0
1.8054892655533257,5.0,2.0
1.8054892655533257,5.0,3.0
1.8054892655533257,5.0,4.0
1.8054892655533257,5.0,5.0
1.8054892655533257,5.0,4.0
1.8054892655533257,5.0,5.0
1.8054892655533257,5.0,5.0
1.8054892655533257,5.0,5.0
1.8054892655533257,5.0,4.0
1.8054892655533257,5.0,5.0
1.8054892655533257,5.0,5.0
1.8054892655533257,5.0,5.0
1.8054892655533257,5.0,3.0
2.9558433978154115,5.0,4.0
1.8054892655533257,4.000026561398887,5.0
1.8054892655533257,5.0,3.0
1.8054892655533257,5.0,4.0
1.8054892655533257,5.0,5.0
1.8054892655533257,5.0,5.0
1.8054892655533257,5.0,3.0
1.8054892655533257,5.0,5.0
1.8054892655533257,5.0,4.0
1.8054892655533257,5.0,3.0
1.8054892655533257,4.000026561398887,5.0
1.8054892655533257,5.0,4.0
1.8054892655533257,5.0,3.0
1.8054892655533257,5.0,3.0
1.8054892655533257,5.0,5.0
1.8054892655533257,5.0,2.0
1.8054892655533257,5.0,5.0
1.8046578233385433,5.0,2.0
1.8054892655533257,5.0,4.0
1.8054892655533257,5.0,4.0
1.8054892655533257,5.0,4.0
