low,up,y_test
3.6726365089416504,5.0,5.0
3.2005674839019775,5.0,2.0
2.639956474304199,5.0,5.0
3.865572929382324,5.0,2.0
3.6298506259918213,5.0,5.0
3.7378015518188477,5.0,5.0
1.0,5.0,2.0
1.0,2.2286007404327393,2.0
1.976417899131775,5.0,2.0
1.0,5.0,2.0
3.1405391693115234,5.0,5.0
4.348929405212402,5.0,5.0
1.2684800624847412,5.0,2.0
2.7230684757232666,5.0,5.0
1.0,5.0,1.0
1.0,5.0,5.0
1.392637014389038,5.0,5.0
1.0,2.259618043899536,2.0
1.0,5.0,1.0
1.593986988067627,5.0,5.0
1.8019479513168335,5.0,1.0
3.0626771450042725,5.0,5.0
3.9906294345855713,5.0,5.0
3.183577060699463,5.0,5.0
1.0,2.5923874378204346,2.0
3.6590805053710938,5.0,2.0
3.7210609912872314,5.0,1.0
1.0,2.382143020629883,2.0
1.0,5.0,2.0
3.805891990661621,5.0,5.0
3.467832565307617,5.0,5.0
2.7793681621551514,5.0,5.0
3.939802408218384,5.0,4.0
3.2230279445648193,5.0,5.0
1.0,5.0,1.0
2.7887611389160156,5.0,2.0
2.7356300354003906,5.0,5.0
1.0750441551208496,5.0,2.0
1.0,2.8904855251312256,1.0
1.0,2.4982268810272217,1.0
1.0,5.0,5.0
1.0,5.0,2.0
1.0,5.0,5.0
1.9395207166671753,5.0,5.0
3.1330065727233887,5.0,5.0
2.7953968048095703,5.0,5.0
4.309793472290039,5.0,5.0
1.9193464517593384,5.0,2.0
1.0,2.274696111679077,1.0
1.4131765365600586,5.0,2.0
3.723022222518921,5.0,5.0
3.7019550800323486,5.0,5.0
1.0,5.0,2.0
1.0,2.180645227432251,3.0
3.6481640338897705,5.0,5.0
3.4717342853546143,5.0,5.0
3.5883142948150635,5.0,2.0
1.0,2.389594078063965,1.0
1.5649725198745728,5.0,5.0
2.7851924896240234,5.0,5.0
3.9437074661254883,5.0,5.0
1.0,5.0,1.0
1.0,2.7106852531433105,2.0
1.387308120727539,5.0,1.0
3.732520580291748,5.0,5.0
3.106231212615967,5.0,5.0
1.0,5.0,2.0
1.5058541297912598,5.0,5.0
1.0,2.5343878269195557,2.0
1.0,5.0,2.0
4.330521106719971,5.0,5.0
2.5677318572998047,5.0,5.0
3.7983767986297607,5.0,5.0
2.777038335800171,5.0,5.0
1.8090897798538208,5.0,1.0
1.0,5.0,5.0
1.0,2.500164031982422,1.0
1.0,5.0,5.0
1.0,2.251002311706543,1.0
1.0,5.0,1.0
1.0,2.204958200454712,2.0
3.7913665771484375,5.0,5.0
3.4572463035583496,5.0,2.0
1.8208060264587402,5.0,5.0
1.9560973644256592,5.0,5.0
2.9520187377929688,5.0,5.0
1.0,5.0,2.0
3.4752447605133057,5.0,5.0
1.0,5.0,2.0
1.0,2.232640027999878,2.0
1.0,2.239131212234497,1.0
3.8586983680725098,5.0,5.0
1.0,2.479917287826538,2.0
1.2928187847137451,5.0,2.0
1.0,5.0,2.0
1.3926446437835693,5.0,5.0
3.0751595497131348,5.0,1.0
3.8661930561065674,5.0,5.0
2.9444375038146973,5.0,2.0
4.176653861999512,5.0,5.0
