low,up,y_test
1.999973438601112,5.0,5.0
1.999973438601112,5.0,4.0
1.999973438601112,5.0,3.0
1.999973438601112,5.0,5.0
1.999973438601112,5.0,3.0
1.999973438601112,5.0,4.0
1.999973438601112,5.0,2.0
1.999973438601112,5.0,5.0
1.999973438601112,5.0,5.0
1.999973438601112,5.0,5.0
1.999973438601112,5.0,4.0
1.999973438601112,5.0,5.0
1.999973438601112,5.0,4.0
1.999973438601112,5.0,3.0
1.999973438601112,5.0,5.0
1.999973438601112,5.0,2.0
1.999973438601112,5.0,5.0
1.999973438601112,5.0,5.0
1.999973438601112,5.0,4.0
1.999973438601112,5.0,4.0
1.999973438601112,4.000026561398887,4.0
1.999973438601112,5.0,5.0
1.999973438601112,4.909999999999999,3.0
1.999973438601112,5.0,5.0
1.999973438601112,4.909999999999999,3.0
1.999973438601112,5.0,5.0
1.999973438601112,5.0,4.0
1.999973438601112,5.0,5.0
1.999973438601112,5.0,4.0
1.999973438601112,5.0,4.0
1.999973438601112,5.0,4.0
1.999973438601112,5.0,5.0
1.999973438601112,5.0,5.0
1.999973438601112,5.0,4.0
1.999973438601112,5.0,4.0
1.0,4.818999999999999,2.0
1.999973438601112,5.0,5.0
1.999973438601112,5.0,2.0
1.999973438601112,5.0,5.0
1.999973438601112,5.0,3.0
1.999973438601112,5.0,5.0
1.999973438601112,5.0,4.0
1.999973438601112,5.0,4.0
1.999973438601112,5.0,4.0
1.999973438601112,5.0,5.0
1.999973438601112,5.0,5.0
1.0,4.818999999999999,2.0
1.999973438601112,5.0,5.0
1.999973438601112,5.0,5.0
1.999973438601112,5.0,3.0
1.999973438601112,5.0,5.0
1.999973438601112,5.0,4.0
1.999973438601112,5.0,4.0
1.999973438601112,5.0,4.0
1.999973438601112,5.0,5.0
1.999973438601112,5.0,5.0
1.999973438601112,5.0,5.0
1.999973438601112,5.0,4.0
1.999973438601112,5.0,5.0
1.999973438601112,5.0,5.0
1.999973438601112,5.0,5.0
1.999973438601112,5.0,5.0
1.999973438601112,5.0,5.0
1.0,4.818999999999999,3.0
1.999973438601112,5.0,5.0
1.999973438601112,5.0,5.0
1.999973438601112,5.0,4.0
1.999973438601112,5.0,4.0
1.999973438601112,5.0,3.0
1.999973438601112,5.0,4.0
1.999973438601112,5.0,4.0
1.999973438601112,5.0,5.0
1.999973438601112,5.0,3.0
1.0,4.909999999999999,2.0
1.999973438601112,5.0,3.0
1.999973438601112,5.0,5.0
