low,up,y_test
1.7972015,4.6568527,2.0
1.8096564,4.9782753,3.0
2.031394,5.0,3.0
1.606835,5.0,5.0
1.939079,5.0,5.0
1.7183905,4.887445,5.0
2.5354514,5.0,4.0
1.968944,5.0,5.0
1.0,3.9087605,3.0
1.0612574,5.0,1.0
1.1590858,5.0,4.0
3.0421376,5.0,4.0
1.0,3.3984113,3.0
2.7158852,5.0,5.0
1.6350092,5.0,5.0
1.0920197,4.409329,3.0
3.1962996,5.0,5.0
1.6645374,5.0,5.0
1.5457654,4.8605576,3.0
1.651212,4.452859,3.0
1.8752775,5.0,2.0
2.171968,5.0,2.0
2.4984338,5.0,5.0
2.0752203,5.0,5.0
1.9007002,5.0,5.0
2.2138748,4.965879,3.0
1.5077963,5.0,4.0
2.1817412,5.0,5.0
2.01387,5.0,5.0
1.6295203,5.0,3.0
1.9917811,5.0,3.0
1.4971207,5.0,4.0
1.9884201,5.0,5.0
1.7024219,4.6054497,2.0
2.094705,5.0,4.0
1.724669,4.9034963,5.0
1.0,4.369818,1.0
2.9304528,5.0,5.0
2.2110245,5.0,4.0
1.6072627,5.0,5.0
3.1971135,5.0,4.0
1.0,3.8772168,1.0
2.1963038,5.0,4.0
2.1458287,5.0,5.0
2.8966713,5.0,5.0
1.0,3.5045805,2.0
3.052312,5.0,4.0
1.5249758,4.9981585,1.0
2.064758,5.0,4.0
2.523532,5.0,4.0
1.6921059,4.9179454,1.0
1.9273204,5.0,4.0
1.0514246,4.9957714,5.0
2.7360432,5.0,5.0
1.0,4.174269,4.0
1.9454639,5.0,5.0
1.6185876,5.0,4.0
1.0233328,4.606326,3.0
3.026511,5.0,5.0
1.0282179,4.259912,3.0
2.7230272,5.0,5.0
1.0,3.3923512,1.0
1.6987343,4.9425316,5.0
3.6213868,5.0,5.0
1.7900332,4.964472,5.0
2.6437957,5.0,5.0
2.0797734,4.898644,1.0
1.8849536,5.0,4.0
3.498092,5.0,4.0
1.0654356,4.356776,3.0
1.0,4.0195537,2.0
1.0,3.7017407,2.0
2.9484994,5.0,5.0
3.0996215,5.0,5.0
3.8557782,5.0,5.0
1.0255114,4.665473,3.0
1.9599293,4.8510118,5.0
1.0,3.089993,1.0
1.4328231,4.8242764,3.0
1.0,4.458619,1.0
2.4655783,5.0,5.0
2.164092,4.9601684,5.0
1.0,3.8892622,2.0
2.2706,5.0,5.0
1.8795884,4.556241,1.0
1.7177161,5.0,3.0
1.7076875,5.0,3.0
2.871956,5.0,5.0
1.0,3.5850496,5.0
2.7739792,5.0,5.0
2.554359,5.0,5.0
1.9756283,5.0,3.0
1.886473,5.0,5.0
1.0,3.3793042,2.0
1.0,4.290432,3.0
2.598662,5.0,4.0
1.0,2.9877706,1.0
3.394445,5.0,4.0
1.8182762,5.0,5.0
1.0,4.2335014,4.0
1.5425196,5.0,2.0
1.0,4.5267367,5.0
2.6363611,5.0,5.0
1.0,3.1361275,1.0
1.0480427,4.522158,2.0
