low,up,y_test
1.0,3.1830273,1.0
1.2632846,4.9139905,3.0
1.5946723,4.782925,1.0
2.4409614,5.0,4.0
1.6976985,5.0,5.0
1.8925148,5.0,5.0
3.6626375,5.0,4.0
1.9717221,5.0,5.0
4.307489,5.0,5.0
1.4354109,4.9212008,2.0
3.355548,5.0,5.0
1.8210077,5.0,2.0
1.9136581,5.0,1.0
3.6344843,5.0,5.0
1.7097031,5.0,5.0
1.25098,4.7607493,5.0
3.482845,5.0,5.0
3.0133605,5.0,5.0
3.855907,5.0,5.0
1.6371186,5.0,5.0
1.0,3.9403753,5.0
2.5842366,5.0,5.0
2.500156,5.0,5.0
1.4694073,5.0,5.0
2.9295824,5.0,5.0
1.3954324,5.0,5.0
1.0777808,4.415679,4.0
1.4138985,5.0,3.0
2.239388,5.0,5.0
1.027679,4.1994123,5.0
3.021471,5.0,4.0
1.6830244,5.0,5.0
1.3385601,5.0,3.0
1.878962,5.0,5.0
2.7846882,5.0,5.0
1.2965938,5.0,4.0
2.4728932,5.0,5.0
1.0,3.1720457,2.0
1.0,3.350313,2.0
3.8277607,5.0,4.0
2.0696497,5.0,4.0
2.3614216,5.0,5.0
2.5462031,5.0,5.0
1.0408444,4.007311,3.0
2.1118774,5.0,4.0
1.3744202,4.808253,2.0
1.0023065,4.126568,4.0
1.0,3.9968264,3.0
2.886128,5.0,5.0
2.4286962,5.0,4.0
2.8168588,5.0,5.0
1.0,2.695408,1.0
2.8184223,5.0,5.0
1.260684,5.0,3.0
1.8418653,5.0,3.0
2.8325114,5.0,4.0
1.855067,5.0,5.0
1.0,3.176455,2.0
1.5654998,5.0,4.0
2.2255177,5.0,5.0
3.1626346,5.0,5.0
1.7277158,5.0,3.0
1.0894141,4.4596014,3.0
1.5900782,5.0,3.0
2.0697746,4.9405837,1.0
1.0,2.9871273,1.0
1.2211072,4.62131,3.0
1.5701987,5.0,5.0
1.0,3.9475636,3.0
3.3359075,5.0,4.0
1.0649226,4.361212,3.0
3.5109568,5.0,4.0
1.8493625,5.0,2.0
1.0,3.0162935,1.0
1.4241577,5.0,5.0
1.0015353,3.8963985,4.0
2.9809895,5.0,5.0
1.3296483,5.0,3.0
1.0,3.6150134,1.0
1.8235177,5.0,5.0
2.7571492,5.0,4.0
3.0573206,5.0,5.0
1.9598743,5.0,5.0
1.3527972,5.0,5.0
3.2335303,5.0,5.0
1.0,2.7599697,5.0
2.1849146,4.977754,5.0
3.2686172,5.0,4.0
1.3631203,5.0,1.0
2.989449,5.0,5.0
2.3287191,5.0,5.0
1.0,3.000894,1.0
1.0,3.0107746,2.0
1.0,3.349368,3.0
1.1343077,4.6953087,1.0
1.2953389,5.0,5.0
2.047071,5.0,5.0
1.9163477,5.0,3.0
3.480582,5.0,5.0
1.5907133,5.0,4.0
2.2463918,5.0,4.0
2.282567,5.0,5.0
2.7300458,5.0,5.0
1.1759342,4.878659,5.0
3.0814257,5.0,2.0
