low,up,y_test
1.3892983159990857,5.0,3.0
1.3892983159990857,5.0,4.0
1.3892983159990857,5.0,4.0
1.3892983159990857,5.0,5.0
1.3892983159990857,5.0,4.0
1.3892983159990857,5.0,4.0
1.3892983159990857,5.0,4.0
1.3892983159990857,5.0,4.0
1.3892983159990857,5.0,5.0
1.3892983159990857,5.0,5.0
1.3892983159990857,5.0,4.0
1.3892983159990857,5.0,4.0
1.3892983159990857,5.0,5.0
1.3892983159990857,5.0,3.0
1.3892983159990857,5.0,3.0
1.3892983159990857,5.0,4.0
1.3892983159990857,5.0,5.0
1.3892983159990857,5.0,3.0
1.3892983159990857,5.0,5.0
1.3892983159990857,5.0,3.0
1.3892983159990857,5.0,5.0
1.3892983159990857,5.0,3.0
1.3066093122844227,5.0,5.0
1.3892983159990857,5.0,4.0
1.3892983159990857,5.0,4.0
1.3892983159990857,5.0,5.0
1.3892983159990857,5.0,5.0
1.3892983159990857,5.0,4.0
1.3892983159990857,5.0,4.0
1.3892983159990857,5.0,5.0
1.3892983159990857,5.0,4.0
1.3892983159990857,5.0,5.0
1.0,5.0,5.0
1.1995449741038318,5.0,2.0
1.3892983159990857,5.0,5.0
1.3892983159990857,5.0,3.0
1.3892983159990857,5.0,5.0
1.3892983159990857,5.0,3.0
1.1995449741038318,5.0,5.0
1.3066093122844227,5.0,3.0
1.3892983159990857,5.0,2.0
1.3892983159990857,5.0,5.0
1.3892983159990857,5.0,4.0
1.3892983159990857,5.0,3.0
1.3892983159990857,5.0,4.0
1.3892983159990857,5.0,3.0
1.3892983159990857,5.0,4.0
1.3892983159990857,5.0,4.0
1.3892983159990857,5.0,5.0
1.3892983159990857,5.0,4.0
1.3892983159990857,5.0,5.0
1.3892983159990857,5.0,5.0
1.3892983159990857,5.0,4.0
1.3892983159990857,5.0,5.0
1.3892983159990857,5.0,3.0
1.3892983159990857,5.0,5.0
1.3892983159990857,5.0,3.0
1.3892983159990857,5.0,5.0
1.3892983159990857,5.0,4.0
1.3892983159990857,5.0,5.0
1.3892983159990857,5.0,5.0
1.3892983159990857,5.0,3.0
1.3892983159990857,5.0,2.0
1.3892983159990857,5.0,5.0
1.3892983159990857,5.0,5.0
1.3892983159990857,5.0,5.0
1.3892983159990857,5.0,5.0
1.0,5.0,2.0
1.3892983159990857,5.0,4.0
1.3892983159990857,5.0,2.0
1.3892983159990857,5.0,4.0
1.3892983159990857,5.0,1.0
1.3892983159990857,5.0,3.0
1.3892983159990857,5.0,5.0
1.3892983159990857,5.0,5.0
1.3892983159990857,5.0,5.0
