low,up,y_test
2.999973438601113,4.000053122797775,3.0
2.999973438601113,5.0,5.0
2.999973438601113,5.0,4.0
2.999973438601113,5.0,3.0
2.999973438601113,5.0,5.0
2.999973438601113,5.0,4.0
2.999973438601113,5.0,5.0
2.999973438601113,5.0,4.0
2.999973438601113,5.0,5.0
2.999973438601113,5.0,5.0
2.999973438601113,5.0,5.0
2.999973438601113,4.000053122797775,2.0
2.999973438601113,5.0,5.0
2.999973438601113,5.0,5.0
2.0,4.000053122797775,2.0
2.999973438601113,5.0,5.0
2.999973438601113,5.0,5.0
2.999973438601113,5.0,5.0
2.999973438601113,5.0,4.0
2.999973438601113,5.0,4.0
2.999973438601113,4.000053122797775,5.0
2.999973438601113,5.0,5.0
2.999973438601113,5.0,5.0
2.999973438601113,5.0,4.0
2.0,4.000053122797775,1.0
2.999973438601113,4.000053122797775,4.0
2.999973438601113,4.000053122797775,3.0
2.999973438601113,4.000053122797775,2.0
2.999973438601113,5.0,5.0
2.999973438601113,4.000053122797775,3.0
2.999973438601113,4.000053122797775,3.0
2.999973438601113,4.000053122797775,3.0
2.999973438601113,4.000053122797775,5.0
2.999973438601113,4.000053122797775,3.0
2.999973438601113,5.0,4.0
2.999973438601113,5.0,4.0
2.999973438601113,4.000053122797775,4.0
2.999973438601113,4.000053122797775,2.0
2.999973438601113,5.0,5.0
2.999973438601113,5.0,4.0
2.999973438601113,4.000053122797775,5.0
2.999973438601113,5.0,3.0
2.999973438601113,5.0,5.0
2.999973438601113,5.0,5.0
2.999973438601113,5.0,5.0
2.999973438601113,5.0,5.0
2.999973438601113,5.0,5.0
2.999973438601113,5.0,3.0
2.999973438601113,4.000053122797775,3.0
2.999973438601113,4.000053122797775,4.0
2.999973438601113,5.0,5.0
2.999973438601113,4.000053122797775,2.0
2.999973438601113,5.0,5.0
2.999973438601113,5.0,5.0
2.999973438601113,5.0,4.0
2.999973438601113,5.0,3.0
2.999973438601113,4.000053122797775,3.0
2.999973438601113,4.000053122797775,3.0
2.999973438601113,5.0,5.0
2.999973438601113,5.0,5.0
2.999973438601113,4.000053122797775,3.0
2.999973438601113,5.0,5.0
2.999973438601113,4.000053122797775,4.0
2.999973438601113,5.0,4.0
2.999973438601113,4.000053122797775,4.0
2.999973438601113,5.0,4.0
2.999973438601113,4.000053122797775,5.0
2.999973438601113,5.0,5.0
2.999973438601113,4.000053122797775,5.0
2.999973438601113,5.0,5.0
2.999973438601113,5.0,5.0
2.999973438601113,5.0,5.0
2.999973438601113,5.0,5.0
2.999973438601113,4.000053122797775,3.0
2.999973438601113,5.0,3.0
2.999973438601113,4.000053122797775,3.0
