low,up,y_test
2.0000265613988883,5.0,5.0
2.0000265613988883,5.0,4.0
2.0000265613988883,5.0,5.0
2.0000265613988883,5.0,5.0
1.8467704432897545,5.0,4.0
2.0000265613988883,5.0,3.0
2.0000265613988883,5.0,4.0
2.0000265613988883,5.0,4.0
2.0000265613988883,5.0,5.0
2.0000265613988883,5.0,4.0
2.0000265613988883,4.769118080389823,2.0
2.0000265613988883,5.0,5.0
2.0000265613988883,5.0,4.0
2.0000265613988883,5.0,4.0
2.0000265613988883,5.0,5.0
1.167233849937142,5.0,2.0
2.0000265613988883,5.0,4.0
2.0000265613988883,5.0,5.0
2.0000265613988883,5.0,4.0
2.0000265613988883,5.0,4.0
2.0000265613988883,5.0,5.0
2.0000265613988883,5.0,5.0
2.0000265613988883,5.0,3.0
2.0000265613988883,5.0,3.0
2.0000265613988883,5.0,5.0
2.0000265613988883,5.0,4.0
2.0000265613988883,5.0,3.0
2.0000265613988883,5.0,5.0
2.0000265613988883,5.0,5.0
2.0000265613988883,5.0,3.0
2.0000265613988883,5.0,5.0
2.0000265613988883,5.0,5.0
2.0000265613988883,5.0,4.0
2.0000265613988883,5.0,4.0
2.0000265613988883,5.0,5.0
2.0000265613988883,5.0,5.0
2.0000265613988883,5.0,3.0
2.0000265613988883,5.0,2.0
2.0000265613988883,5.0,4.0
2.0000265613988883,5.0,4.0
1.1989577230983923,5.0,4.0
2.0000265613988883,5.0,4.0
2.0000265613988883,5.0,2.0
2.0000265613988883,5.0,4.0
2.0000265613988883,5.0,2.0
2.0000265613988883,5.0,3.0
1.0457016049892576,5.0,3.0
2.0000265613988883,5.0,4.0
2.0000265613988883,5.0,4.0
2.0000265613988883,5.0,2.0
2.0000265613988883,5.0,5.0
2.0000265613988883,5.0,5.0
2.0000265613988883,5.0,4.0
2.0000265613988883,5.0,4.0
2.0000265613988883,5.0,5.0
2.0000265613988883,5.0,5.0
2.0000265613988883,5.0,5.0
2.0000265613988883,5.0,5.0
2.0000265613988883,5.0,5.0
2.0000265613988883,5.0,4.0
2.0000265613988883,5.0,4.0
2.0000265613988883,5.0,4.0
2.0000265613988883,5.0,4.0
2.0000265613988883,5.0,3.0
2.0000265613988883,5.0,4.0
2.0000265613988883,5.0,5.0
2.0000265613988883,5.0,5.0
2.0000265613988883,5.0,2.0
2.0000265613988883,5.0,4.0
2.0000265613988883,5.0,5.0
2.0000265613988883,5.0,4.0
2.0000265613988883,5.0,5.0
2.0000265613988883,5.0,5.0
2.0000265613988883,5.0,5.0
2.0000265613988883,5.0,5.0
2.0000265613988883,5.0,5.0
