low,up,y_test
2.0000265613988883,5.0,3.0
2.0000265613988883,5.0,4.0
2.0000265613988883,5.0,5.0
2.0000265613988883,5.0,5.0
2.0000265613988883,5.0,4.0
2.0000265613988883,5.0,5.0
2.0000265613988883,5.0,5.0
2.0000265613988883,5.0,5.0
2.0000265613988883,5.0,4.0
2.0000265613988883,5.0,4.0
2.0000265613988883,4.0381520424476935,4.0
2.0000265613988883,5.0,3.0
2.0000265613988883,5.0,5.0
2.0000265613988883,5.0,5.0
2.0000265613988883,5.0,5.0
2.0000265613988883,4.0381520424476935,4.0
2.0000265613988883,5.0,4.0
2.0000265613988883,5.0,5.0
2.0000265613988883,5.0,3.0
2.0000265613988883,5.0,3.0
2.0000265613988883,5.0,4.0
2.0000265613988883,5.0,1.0
2.0000265613988883,5.0,4.0
2.0000265613988883,5.0,4.0
2.0000265613988883,5.0,5.0
2.0000265613988883,5.0,3.0
2.0000265613988883,5.0,5.0
2.0000265613988883,5.0,3.0
2.0000265613988883,5.0,5.0
2.0000265613988883,5.0,5.0
2.0000265613988883,5.0,4.0
2.0000265613988883,5.0,2.0
2.0000265613988883,5.0,4.0
2.0000265613988883,5.0,5.0
2.0000265613988883,5.0,5.0
1.0000531227977754,5.0,3.0
2.0000265613988883,5.0,2.0
2.0000265613988883,5.0,5.0
2.0000265613988883,5.0,4.0
2.0000265613988883,5.0,4.0
2.0000265613988883,5.0,5.0
2.0000265613988883,5.0,4.0
2.0000265613988883,5.0,5.0
2.0000265613988883,5.0,2.0
2.0000265613988883,5.0,2.0
2.0000265613988883,5.0,4.0
2.0000265613988883,5.0,2.0
2.0000265613988883,5.0,4.0
2.0000265613988883,5.0,4.0
2.0000265613988883,5.0,3.0
2.0000265613988883,5.0,5.0
2.0000265613988883,5.0,5.0
2.0000265613988883,5.0,4.0
2.0000265613988883,5.0,5.0
2.0000265613988883,5.0,3.0
2.0000265613988883,5.0,5.0
2.0000265613988883,5.0,5.0
2.0000265613988883,5.0,5.0
2.0000265613988883,5.0,3.0
2.0000265613988883,5.0,5.0
2.0000265613988883,5.0,5.0
2.0000265613988883,4.237629041363535,5.0
2.0000265613988883,5.0,4.0
2.0000265613988883,4.544455574882019,4.0
2.0000265613988883,5.0,5.0
2.0000265613988883,5.0,4.0
2.0000265613988883,5.0,5.0
2.0000265613988883,5.0,5.0
2.0000265613988883,5.0,5.0
2.0000265613988883,5.0,3.0
2.0000265613988883,5.0,5.0
2.0000265613988883,5.0,2.0
2.0000265613988883,5.0,3.0
2.0000265613988883,5.0,5.0
2.0000265613988883,4.0381520424476935,4.0
2.0000265613988883,5.0,5.0
