low,up,y_test
1.0000298405839367,5.0,4.0
1.9999970487334582,5.0,5.0
1.9999970487334582,5.0,2.0
1.9999970487334582,5.0,3.0
1.9999970487334582,5.0,4.0
1.9999970487334582,5.0,4.0
1.9999970487334582,5.0,5.0
1.9999970487334582,5.0,5.0
1.9999970487334582,5.0,5.0
1.4353984626715195,5.0,3.0
1.9999970487334582,5.0,4.0
1.9999970487334582,5.0,5.0
1.9999970487334582,5.0,5.0
1.0000239327687783,5.0,3.0
1.9999970487334582,5.0,5.0
1.9999970487334582,5.0,4.0
1.9999970487334582,5.0,5.0
1.564628426645875,5.0,3.0
1.9999970487334582,5.0,4.0
1.9999970487334582,5.0,4.0
1.000026919883815,5.0,3.0
1.9999970487334582,5.0,4.0
1.9999970487334582,5.0,5.0
1.0000239327687783,5.0,2.0
1.9999970487334582,5.0,5.0
1.9999970487334582,5.0,5.0
1.9999970487334582,5.0,5.0
1.9999970487334582,5.0,5.0
1.9999970487334582,5.0,4.0
1.9999970487334582,5.0,5.0
1.9999970487334582,5.0,3.0
1.9999970487334582,5.0,5.0
1.4353984626715195,5.0,4.0
1.9999970487334582,5.0,4.0
1.9999970487334582,5.0,5.0
1.9999970487334582,5.0,4.0
1.564628426645875,5.0,5.0
1.9999970487334582,5.0,5.0
1.9999970487334582,5.0,5.0
1.9999970487334582,5.0,4.0
1.9999970487334582,5.0,4.0
1.9999970487334582,5.0,5.0
1.0000239327687783,5.0,2.0
1.9999970487334582,5.0,3.0
1.9999970487334582,5.0,5.0
1.9999970487334582,5.0,3.0
1.9999970487334582,5.0,3.0
1.9999970487334582,5.0,5.0
1.9999970487334582,5.0,5.0
1.9999970487334582,5.0,3.0
1.9999970487334582,5.0,4.0
1.9999970487334582,5.0,5.0
1.9999970487334582,5.0,5.0
1.9999970487334582,5.0,4.0
1.9999970487334582,5.0,5.0
1.9999970487334582,5.0,5.0
1.9999970487334582,5.0,4.0
1.9999970487334582,5.0,3.0
1.9999970487334582,5.0,5.0
1.9999970487334582,5.0,5.0
1.0000239327687783,5.0,2.0
1.9999970487334582,5.0,4.0
1.9999970487334582,5.0,5.0
1.9999970487334582,5.0,3.0
1.9999970487334582,5.0,3.0
1.9999970487334582,5.0,5.0
1.9999970487334582,5.0,5.0
1.9995332089647992,5.0,3.0
1.9999970487334582,5.0,5.0
1.9999970487334582,5.0,3.0
1.9999970487334582,5.0,4.0
1.9999970487334582,5.0,2.0
1.9999970487334582,5.0,4.0
1.9999970487334582,5.0,5.0
1.9999970487334582,5.0,3.0
1.9999970487334582,5.0,5.0
