low,up,y_test
2.109450530523042,4.890576030875846,3.0
2.109450530523042,4.890576030875846,4.0
2.109450530523042,4.890576030875846,4.0
2.109450530523042,5.0,5.0
2.109450530523042,5.0,4.0
2.109450530523042,4.890576030875846,4.0
2.109450530523042,5.0,4.0
2.109450530523042,5.0,4.0
2.109450530523042,5.0,5.0
2.109450530523042,5.0,5.0
2.109450530523042,5.0,4.0
2.109450530523042,5.0,4.0
2.109450530523042,5.0,5.0
2.109450530523042,5.0,3.0
2.109450530523042,4.890576030875846,3.0
2.109450530523042,4.890576030875846,4.0
2.109450530523042,5.0,5.0
2.109450530523042,4.890576030875846,3.0
2.109450530523042,5.0,5.0
2.109450530523042,4.890576030875846,3.0
2.109450530523042,5.0,5.0
1.1094770919219292,4.890576030875846,3.0
2.109450530523042,5.0,5.0
2.109450530523042,5.0,4.0
2.109450530523042,5.0,4.0
2.109450530523042,5.0,5.0
2.109450530523042,5.0,5.0
2.109450530523042,4.890576030875846,4.0
2.109450530523042,4.890576030875846,4.0
2.109450530523042,5.0,5.0
2.109450530523042,5.0,4.0
2.109450530523042,5.0,5.0
1.1094770919219292,4.890576030875846,5.0
2.0,4.890576030875846,2.0
2.109450530523042,5.0,5.0
2.109450530523042,4.890576030875846,3.0
2.109450530523042,5.0,5.0
2.109450530523042,4.890576030875846,3.0
2.109450530523042,5.0,5.0
2.109450530523042,5.0,3.0
2.0,4.890576030875846,2.0
2.109450530523042,5.0,5.0
2.109450530523042,5.0,4.0
2.0,4.890576030875846,3.0
2.109450530523042,5.0,4.0
2.109450530523042,4.890576030875846,3.0
2.109450530523042,4.890576030875846,4.0
2.109450530523042,5.0,4.0
2.109450530523042,5.0,5.0
1.1094770919219292,4.890576030875846,4.0
2.109450530523042,5.0,5.0
2.109450530523042,5.0,5.0
2.109450530523042,5.0,4.0
2.109450530523042,5.0,5.0
1.9848762337217392,4.890576030875846,3.0
2.109450530523042,5.0,5.0
2.109450530523042,4.890576030875846,3.0
2.109450530523042,5.0,5.0
2.109450530523042,5.0,4.0
2.109450530523042,5.0,5.0
2.109450530523042,5.0,5.0
2.109450530523042,5.0,3.0
1.3307818741930535,4.890576030875846,2.0
2.109450530523042,5.0,5.0
2.109450530523042,4.890576030875846,5.0
2.109450530523042,5.0,5.0
2.109450530523042,5.0,5.0
2.109450530523042,4.890576030875846,2.0
2.109450530523042,5.0,4.0
1.1094770919219292,4.890576030875846,2.0
2.109450530523042,5.0,4.0
1.1094770919219292,4.890576030875846,1.0
1.1094770919219292,4.890576030875846,3.0
2.109450530523042,5.0,5.0
2.109450530523042,5.0,5.0
2.109450530523042,5.0,5.0
