low,up,y_test
1.9000265613988883,4.1,3.0
1.9000265613988883,5.0,3.0
1.9000265613988883,5.0,4.0
1.9000265613988883,5.0,5.0
1.9000265613988883,3.1000265613988867,1.0
1.9000265613988883,5.0,5.0
1.9000265613988883,4.1,3.0
1.9000265613988883,4.1,5.0
1.9000265613988883,5.0,5.0
1.9000265613988883,5.0,5.0
1.9000265613988883,5.0,5.0
1.9000265613988883,5.0,5.0
1.9000265613988883,5.0,5.0
1.9000265613988883,5.0,5.0
1.9000265613988883,5.0,5.0
1.9000265613988883,5.0,5.0
1.9000265613988883,4.1,3.0
1.9000265613988883,4.1,5.0
1.9000265613988883,5.0,5.0
1.9000265613988883,4.1,3.0
1.9000265613988883,5.0,5.0
1.9000265613988883,5.0,3.0
1.9000265613988883,5.0,4.0
1.9000265613988883,5.0,4.0
1.9000265613988883,5.0,5.0
1.9000265613988883,4.1,2.0
1.9000265613988883,5.0,5.0
1.9000265613988883,4.1,2.0
1.9000265613988883,5.0,2.0
1.9000265613988883,5.0,3.0
1.9000265613988883,5.0,5.0
1.9000265613988883,5.0,4.0
1.9000265613988883,4.1,4.0
1.9000265613988883,4.1,3.0
1.9000265613988883,5.0,5.0
1.9000265613988883,4.1,3.0
1.9000265613988883,5.0,4.0
1.9000265613988883,5.0,5.0
1.9000265613988883,5.0,5.0
1.9000265613988883,4.1,4.0
1.9000265613988883,5.0,5.0
1.9000265613988883,5.0,5.0
1.9000265613988883,4.1,4.0
1.9000265613988883,5.0,3.0
1.9000265613988883,4.1,4.0
1.9000265613988883,5.0,5.0
1.9000265613988883,4.1,3.0
1.9000265613988883,4.0,4.0
1.9000265613988883,5.0,5.0
1.9000265613988883,5.0,5.0
1.9000265613988883,5.0,3.0
1.9000265613988883,5.0,4.0
1.9000265613988883,5.0,4.0
1.9000265613988883,5.0,4.0
1.9000265613988883,5.0,4.0
1.9000265613988883,5.0,5.0
1.9000265613988883,3.1000265613988867,3.0
1.9000265613988883,5.0,5.0
1.9000265613988883,5.0,4.0
1.9000265613988883,5.0,5.0
1.9000265613988883,5.0,2.0
1.9000265613988883,5.0,4.0
1.9000265613988883,5.0,5.0
1.9000265613988883,4.1,3.0
1.9000265613988883,4.1,3.0
1.9000265613988883,5.0,5.0
1.9000265613988883,5.0,5.0
1.9000265613988883,5.0,5.0
1.9000265613988883,5.0,5.0
1.9000265613988883,4.1,5.0
1.9000265613988883,5.0,4.0
1.9000265613988883,4.1,4.0
1.9000265613988883,5.0,5.0
1.9000265613988883,4.1,3.0
1.9000265613988883,5.0,4.0
1.9000265613988883,5.0,5.0
