low,up,y_test
2.0000265613988883,5.0,5.0
2.0000265613988883,5.0,3.0
2.0000265613988883,5.0,3.0
2.0000265613988883,5.0,2.0
2.0000265613988883,5.0,5.0
2.0000265613988883,5.0,5.0
2.0000265613988883,5.0,2.0
2.0000265613988883,5.0,4.0
2.0000265613988883,5.0,5.0
2.0000265613988883,5.0,5.0
2.0000265613988883,5.0,3.0
2.0000265613988883,5.0,4.0
2.0000265613988883,5.0,3.0
2.0000265613988883,5.0,4.0
2.0000265613988883,5.0,4.0
2.0000265613988883,5.0,2.0
2.0000265613988883,5.0,1.0
2.0000265613988883,5.0,4.0
2.0000265613988883,5.0,3.0
2.0000265613988883,5.0,4.0
2.0000265613988883,5.0,4.0
1.0000531227977754,5.0,3.0
2.0000265613988883,5.0,5.0
2.0000265613988883,5.0,4.0
2.0000265613988883,5.0,2.0
2.0000265613988883,5.0,5.0
2.0000265613988883,5.0,2.0
2.0000265613988883,5.0,4.0
2.0000265613988883,5.0,5.0
2.0000265613988883,5.0,3.0
2.0000265613988883,5.0,5.0
2.0000265613988883,5.0,5.0
2.0000265613988883,5.0,4.0
2.0000265613988883,5.0,4.0
2.0000265613988883,5.0,4.0
2.0000265613988883,4.000026561398887,5.0
2.0000265613988883,5.0,4.0
2.0000265613988883,5.0,5.0
2.0000265613988883,5.0,5.0
2.0000265613988883,5.0,2.0
2.0000265613988883,5.0,4.0
1.2414865278819551,5.0,3.0
2.0000265613988883,5.0,4.0
2.0000265613988883,5.0,2.0
2.0000265613988883,5.0,4.0
2.0000265613988883,5.0,4.0
2.0000265613988883,5.0,3.0
2.0000265613988883,5.0,5.0
2.0000265613988883,5.0,5.0
2.0000265613988883,5.0,5.0
2.0000265613988883,5.0,5.0
2.0000265613988883,5.0,5.0
2.0000265613988883,5.0,4.0
2.0000265613988883,5.0,4.0
2.0000265613988883,5.0,5.0
2.0000265613988883,5.0,4.0
2.0000265613988883,5.0,5.0
2.0000265613988883,5.0,3.0
2.0000265613988883,5.0,4.0
2.0000265613988883,5.0,5.0
2.0000265613988883,5.0,5.0
2.0000265613988883,5.0,5.0
2.0000265613988883,5.0,5.0
2.0000265613988883,5.0,3.0
2.0000265613988883,5.0,5.0
1.0000531227977754,5.0,3.0
2.0000265613988883,5.0,3.0
1.0000531227977754,5.0,3.0
2.0000265613988883,5.0,5.0
2.0000265613988883,5.0,5.0
2.0000265613988883,5.0,3.0
2.0000265613988883,5.0,5.0
2.0000265613988883,5.0,3.0
1.0000531227977754,5.0,4.0
2.0000265613988883,5.0,5.0
2.0000265613988883,5.0,5.0
