low,up,y_test
2.9999880473705,5.0,5.0
2.9999880473705,3.000053122797775,4.0
2.9999880473705,5.0,3.0
2.9999880473705,5.0,5.0
2.387929101034053,5.0,3.0
2.9999880473705,5.0,4.0
2.9999880473705,5.0,2.0
2.9999880473705,5.0,5.0
2.9999880473705,5.0,5.0
2.9999880473705,5.0,5.0
2.9999880473705,5.0,4.0
2.9999880473705,5.0,5.0
2.9999880473705,5.0,4.0
2.9999880473705,5.0,3.0
2.9999880473705,5.0,5.0
2.9999880473705,5.0,2.0
2.9999880473705,5.0,5.0
2.9999880473705,5.0,5.0
2.9999880473705,5.0,4.0
2.9999880473705,5.0,4.0
2.9999880473705,5.0,4.0
2.9999880473705,5.0,5.0
2.9999880473705,5.0,3.0
2.9999880473705,5.0,5.0
2.000014608769388,5.0,3.0
2.9999880473705,5.0,5.0
2.9999880473705,5.0,4.0
2.9999880473705,5.0,5.0
2.9999880473705,5.0,4.0
2.612073555105836,5.0,4.0
2.9999880473705,5.0,4.0
2.9999880473705,5.0,5.0
2.9999880473705,5.0,5.0
2.9999880473705,5.0,4.0
2.9999880473705,5.0,4.0
2.000014608769388,5.0,2.0
2.9999880473705,5.0,5.0
2.9999880473705,5.0,2.0
2.9999880473705,5.0,5.0
2.9999880473705,5.0,3.0
2.9999880473705,5.0,5.0
2.9999880473705,5.0,4.0
2.9999880473705,5.0,4.0
2.9999880473705,5.0,4.0
2.9999880473705,5.0,5.0
2.9999880473705,5.0,5.0
2.9999880473705,5.0,2.0
2.9999880473705,5.0,5.0
2.9999880473705,5.0,5.0
2.9999880473705,5.0,3.0
2.9999880473705,5.0,5.0
2.9999880473705,3.000053122797775,4.0
2.9999880473705,5.0,4.0
2.9999880473705,5.0,4.0
2.9999880473705,5.0,5.0
2.9999880473705,5.0,5.0
2.9999880473705,5.0,5.0
2.9999880473705,5.0,4.0
2.9999880473705,5.0,5.0
2.9999880473705,5.0,5.0
2.9999880473705,5.0,5.0
2.9999880473705,5.0,5.0
2.9999880473705,3.000053122797775,5.0
2.9999880473705,5.0,3.0
2.9999880473705,5.0,5.0
2.9999880473705,5.0,5.0
2.9999880473705,3.000053122797775,4.0
2.9999880473705,5.0,4.0
2.9999880473705,5.0,3.0
2.9999880473705,5.0,4.0
2.9999880473705,5.0,4.0
2.9999880473705,5.0,5.0
2.9999880473705,3.000053122797775,3.0
2.9999880473705,5.0,2.0
2.9999880473705,5.0,3.0
2.9999880473705,5.0,5.0
