low,up,y_test
1.0000265613988883,5.0,4.0
1.0000265613988883,5.0,5.0
1.0000265613988883,5.0,3.0
1.0000265613988883,5.0,5.0
1.0000265613988883,5.0,4.0
1.0000265613988883,5.0,5.0
1.0000265613988883,5.0,5.0
1.0000265613988883,5.0,3.0
1.0000265613988883,5.0,4.0
1.0000265613988883,5.0,5.0
1.0000265613988883,5.0,3.0
1.0000265613988883,5.0,5.0
1.0000265613988883,5.0,4.0
1.0000265613988883,5.0,5.0
1.0000265613988883,5.0,4.0
1.0000265613988883,5.0,4.0
1.0000265613988883,5.0,4.0
1.0000265613988883,5.0,3.0
1.0000265613988883,5.0,5.0
1.0000265613988883,5.0,5.0
1.0000265613988883,5.0,3.0
1.0000265613988883,5.0,3.0
1.0000265613988883,5.0,5.0
1.0000265613988883,5.0,5.0
1.0000265613988883,5.0,5.0
1.0000265613988883,5.0,3.0
1.0000265613988883,5.0,5.0
1.0000265613988883,5.0,5.0
1.0000265613988883,5.0,5.0
1.0000265613988883,4.010775263664304,3.0
1.0000265613988883,5.0,5.0
1.0000265613988883,5.0,1.0
1.0000265613988883,5.0,3.0
1.0000265613988883,5.0,5.0
1.0000265613988883,5.0,4.0
1.0000265613988883,5.0,5.0
1.0000265613988883,5.0,5.0
1.0000265613988883,5.0,5.0
1.0000265613988883,5.0,3.0
1.0000265613988883,5.0,5.0
1.0000265613988883,5.0,2.0
1.0000265613988883,4.593785862299264,4.0
1.0000265613988883,5.0,4.0
1.0000265613988883,5.0,4.0
1.0000265613988883,5.0,5.0
1.0000265613988883,5.0,5.0
1.0000265613988883,5.0,5.0
1.0000265613988883,5.0,4.0
1.0000265613988883,5.0,5.0
1.0000265613988883,5.0,4.0
1.0000265613988883,5.0,5.0
1.0000265613988883,4.010775263664304,4.0
1.0000265613988883,5.0,4.0
1.0000265613988883,5.0,4.0
1.0000265613988883,5.0,4.0
1.0000265613988883,5.0,5.0
1.0000265613988883,5.0,5.0
1.0000265613988883,5.0,5.0
1.0000265613988883,5.0,5.0
1.0000265613988883,5.0,5.0
1.0000265613988883,5.0,2.0
1.0000265613988883,5.0,4.0
1.0000265613988883,5.0,5.0
1.0000265613988883,5.0,3.0
1.0000265613988883,5.0,5.0
1.0000265613988883,5.0,3.0
1.0000265613988883,5.0,5.0
1.0000265613988883,5.0,5.0
1.0000265613988883,4.416989401365041,4.0
1.0000265613988883,5.0,5.0
1.0000265613988883,5.0,5.0
1.0000265613988883,5.0,4.0
1.0000265613988883,5.0,3.0
1.0000265613988883,5.0,5.0
1.0000265613988883,5.0,4.0
1.0000265613988883,5.0,5.0
