low,up,y_test
4.6000000000000005,5.0,5.0
1.0,2.1,2.0
1.0,4.4,2.0
5.0,5.0,5.0
1.0,3.7,2.0
4.6000000000000005,5.0,5.0
4.6000000000000005,5.0,5.0
1.0,3.9000000000000004,1.0
1.9000000000000001,4.6000000000000005,1.0
4.6000000000000005,5.0,5.0
4.6000000000000005,5.0,1.0
4.6000000000000005,5.0,2.0
4.6000000000000005,5.0,5.0
2.4000000000000004,5.0,2.0
4.5,5.0,5.0
4.2,5.0,5.0
4.6000000000000005,5.0,4.0
1.0,2.8000000000000003,2.0
4.6000000000000005,5.0,5.0
4.4,5.0,5.0
4.5,5.0,5.0
4.6000000000000005,5.0,5.0
4.6000000000000005,5.0,5.0
4.6000000000000005,5.0,5.0
4.6000000000000005,5.0,5.0
4.5,5.0,5.0
4.6000000000000005,5.0,2.0
4.6000000000000005,5.0,5.0
4.6000000000000005,5.0,5.0
1.0,1.9000000000000001,1.0
4.6000000000000005,5.0,1.0
4.6000000000000005,5.0,5.0
4.6000000000000005,5.0,5.0
4.6000000000000005,5.0,4.0
4.1000000000000005,5.0,5.0
4.6000000000000005,5.0,5.0
4.6000000000000005,5.0,5.0
4.6000000000000005,5.0,5.0
4.6000000000000005,5.0,5.0
4.2,5.0,1.0
4.6000000000000005,5.0,5.0
1.0,2.3000000000000003,1.0
4.6000000000000005,5.0,2.0
1.0,1.9000000000000001,2.0
1.0,1.9000000000000001,1.0
4.6000000000000005,5.0,5.0
1.0,2.4000000000000004,2.0
1.0,2.4000000000000004,2.0
1.0,5.0,2.0
4.5,5.0,5.0
4.6000000000000005,5.0,5.0
4.6000000000000005,5.0,5.0
1.0,3.6,2.0
4.5,5.0,2.0
4.6000000000000005,5.0,5.0
4.6000000000000005,5.0,4.0
4.6000000000000005,5.0,5.0
1.0,4.9,1.0
4.6000000000000005,5.0,5.0
1.0,3.6,1.0
1.0,2.3000000000000003,1.0
4.6000000000000005,5.0,5.0
4.6000000000000005,5.0,5.0
4.6000000000000005,5.0,5.0
4.6000000000000005,5.0,5.0
4.6000000000000005,5.0,5.0
1.0,3.9000000000000004,1.0
1.0,5.0,2.0
1.0,4.2,2.0
1.0,4.800000000000001,2.0
4.6000000000000005,5.0,5.0
4.6000000000000005,5.0,5.0
1.0,3.9000000000000004,2.0
1.0,4.0,1.0
4.5,5.0,5.0
4.6000000000000005,5.0,5.0
1.0,2.2,1.0
4.6000000000000005,5.0,5.0
1.0,2.2,2.0
1.0,1.9000000000000001,2.0
4.5,5.0,5.0
1.0,4.1000000000000005,2.0
4.6000000000000005,5.0,5.0
1.0,1.8,1.0
1.0,1.9000000000000001,2.0
1.0,2.8000000000000003,5.0
4.6000000000000005,5.0,5.0
1.0,5.0,2.0
1.0,5.0,2.0
1.0,4.800000000000001,2.0
4.6000000000000005,5.0,5.0
4.6000000000000005,5.0,5.0
4.5,5.0,5.0
1.0,1.9000000000000001,2.0
2.1,5.0,2.0
3.8000000000000003,5.0,2.0
1.0,2.7,2.0
1.0,3.6,1.0
1.0,5.0,5.0
4.5,5.0,5.0
