low,up,y_test
1.0,5.0,1.0
3.000001907348633,5.0,5.0
3.0000076293945312,5.0,4.0
2.0,5.0,4.0
3.0000081062316895,5.0,5.0
3.0000009536743164,5.0,5.0
2.0,5.0,2.0
3.000001907348633,5.0,5.0
3.0,5.0,5.0
2.848443031311035,5.0,5.0
2.0,5.0,2.0
2.759453773498535,5.0,5.0
1.0,4.743869304656982,3.0
1.9269461631774902,5.0,4.0
3.0000057220458984,5.0,4.0
3.0000033378601074,5.0,5.0
1.0,3.277987003326416,3.0
2.030132293701172,5.0,1.0
3.0,5.0,5.0
1.0,5.0,3.0
2.0,5.0,3.0
1.0,5.0,1.0
1.0,5.0,2.0
1.0,2.255824327468872,4.0
3.0,5.0,4.0
2.56112003326416,5.0,4.0
1.3537006378173828,5.0,5.0
3.0000009536743164,5.0,1.0
3.0000014305114746,5.0,4.0
1.0,4.082136631011963,1.0
2.0,5.0,4.0
2.9054946899414062,5.0,3.0
2.633800506591797,5.0,2.0
3.0000009536743164,5.0,5.0
2.651731491088867,5.0,3.0
3.0,5.0,5.0
2.529085159301758,5.0,5.0
2.0,5.0,2.0
1.943188190460205,5.0,5.0
1.0,3.251923084259033,3.0
1.0000033378601074,5.0,5.0
3.0000014305114746,5.0,5.0
2.0,5.0,1.0
2.066725015640259,5.0,3.0
2.0,5.0,5.0
1.0,5.0,2.0
1.0000033378601074,5.0,2.0
1.999999761581421,5.0,1.0
2.0,5.0,5.0
1.0000004768371582,5.0,3.0
1.0,5.0,1.0
3.000002861022949,5.0,4.0
3.0000057220458984,5.0,4.0
2.963070869445801,5.0,5.0
3.000001907348633,5.0,4.0
2.903212547302246,5.0,3.0
2.0,5.0,5.0
3.000001907348633,5.0,4.0
3.0,5.0,5.0
2.174548864364624,5.0,4.0
2.0,5.0,3.0
3.0,5.0,5.0
2.999999523162842,5.0,5.0
2.9983882904052734,5.0,5.0
1.4229891300201416,5.0,3.0
1.0,5.0,3.0
2.0,5.0,4.0
2.0,5.0,5.0
2.8963661193847656,5.0,4.0
2.1165823936462402,5.0,4.0
2.0,5.0,3.0
2.0,5.0,5.0
3.0000009536743164,5.0,5.0
1.0,5.0,1.0
3.0,5.0,5.0
1.0,5.0,2.0
1.0,5.0,3.0
2.0,5.0,3.0
3.000002861022949,5.0,5.0
3.0000052452087402,5.0,4.0
2.681248664855957,5.0,5.0
1.0,5.0,2.0
2.0,5.0,2.0
3.0000014305114746,5.0,5.0
1.0,5.0,2.0
2.1849610805511475,5.0,5.0
3.0000109672546387,5.0,3.0
2.0,5.0,2.0
3.0000052452087402,5.0,4.0
1.000000238418579,5.0,5.0
3.000001907348633,5.0,5.0
2.0,5.0,4.0
2.999999523162842,5.0,5.0
1.999999761581421,5.0,3.0
2.6295509338378906,5.0,3.0
1.1302974224090576,4.511548757553101,5.0
2.0,5.0,4.0
3.000001907348633,5.0,4.0
1.0,5.0,1.0
2.1213583946228027,5.0,3.0
1.335465669631958,5.0,5.0
3.000002861022949,5.0,5.0
1.0,5.0,3.0
1.272730827331543,4.653982162475586,3.0
2.0,5.0,3.0
