low,up,y_test
3.5028188228607178,5.0,5.0
3.5028207302093506,5.0,3.0
3.5028207302093506,5.0,4.0
1.0,5.0,5.0
1.9112884998321533,5.0,3.0
1.0,5.0,1.0
3.5028202533721924,5.0,5.0
1.9052326679229736,5.0,4.0
3.493450880050659,5.0,5.0
3.5028202533721924,5.0,5.0
1.0,5.0,3.0
2.0,5.0,2.0
3.5028202533721924,5.0,5.0
1.0,5.0,1.0
3.5028207302093506,5.0,4.0
1.9207775592803955,5.0,4.0
3.5028202533721924,5.0,4.0
3.1910221576690674,5.0,5.0
1.0,5.0,4.0
1.0,4.5086164474487305,3.0
1.1356110572814941,4.143438816070557,1.0
3.5028207302093506,5.0,5.0
1.5577709674835205,5.0,1.0
2.9913430213928223,5.0,4.0
3.502819776535034,5.0,5.0
1.904689073562622,5.0,5.0
2.0,5.0,4.0
1.0,5.0,1.0
1.0,5.0,1.0
2.9630637168884277,5.0,1.0
1.0,5.0,1.0
1.5577723979949951,5.0,3.0
3.502819776535034,5.0,4.0
1.9999990463256836,5.0,4.0
1.5577723979949951,5.0,2.0
2.0,5.0,4.0
3.5028202533721924,5.0,3.0
3.5028207302093506,5.0,5.0
3.4599952697753906,5.0,5.0
3.502819776535034,5.0,4.0
3.5028207302093506,5.0,5.0
2.0,5.0,5.0
1.0,5.0,3.0
2.0,5.0,3.0
3.502819776535034,5.0,5.0
1.8781287670135498,5.0,5.0
3.5028207302093506,5.0,5.0
3.5028202533721924,5.0,5.0
1.0,5.0,1.0
3.502819776535034,5.0,5.0
1.0,5.0,5.0
3.5028202533721924,5.0,5.0
1.0,4.029690265655518,1.0
1.0,5.0,3.0
1.0,5.0,3.0
1.0,5.0,3.0
1.9999992847442627,5.0,4.0
3.4767231941223145,5.0,3.0
3.502497911453247,5.0,5.0
3.502819776535034,5.0,5.0
2.984724998474121,5.0,5.0
3.502819776535034,5.0,5.0
1.9999992847442627,5.0,5.0
1.0,5.0,5.0
3.502819776535034,5.0,5.0
3.5028202533721924,5.0,1.0
2.0296595096588135,5.0,1.0
3.502819776535034,5.0,5.0
3.5028202533721924,5.0,5.0
3.502819776535034,5.0,5.0
2.0,5.0,2.0
2.2948050498962402,5.0,3.0
1.999999761581421,5.0,4.0
2.0,5.0,2.0
1.0,5.0,2.0
1.5577702522277832,5.0,2.0
3.5028207302093506,5.0,5.0
1.0,5.0,5.0
3.5028188228607178,5.0,3.0
2.0,5.0,5.0
2.0,5.0,5.0
1.0,5.0,1.0
3.502819776535034,5.0,1.0
3.5028202533721924,5.0,5.0
3.4760537147521973,5.0,3.0
3.5028202533721924,5.0,5.0
3.502819299697876,5.0,4.0
1.4431936740875244,5.0,4.0
1.581437349319458,5.0,3.0
3.5028202533721924,5.0,5.0
3.5028207302093506,5.0,5.0
1.5577709674835205,5.0,5.0
3.016819953918457,5.0,5.0
3.5028202533721924,5.0,5.0
3.5028207302093506,5.0,4.0
3.502819776535034,5.0,5.0
1.0,4.18260645866394,3.0
1.0,5.0,1.0
3.003004550933838,5.0,5.0
1.0,5.0,3.0
3.5028207302093506,5.0,5.0
3.146596908569336,5.0,3.0
3.502819776535034,5.0,4.0
3.5028202533721924,5.0,5.0
1.0,5.0,1.0
