low,up,y_test
2.999999523162842,5.0,5.0
3.0,5.0,5.0
3.017136573791504,5.0,5.0
1.040419340133667,5.0,3.0
1.208308458328247,5.0,1.0
1.9999990463256836,5.0,3.0
1.9999980926513672,5.0,3.0
1.8182368278503418,5.0,4.0
2.274171829223633,5.0,4.0
2.23165225982666,5.0,3.0
1.0,5.0,1.0
2.823075294494629,5.0,5.0
2.0,5.0,5.0
1.0,5.0,3.0
2.9999990463256836,5.0,3.0
3.1283836364746094,5.0,5.0
2.1023001670837402,5.0,3.0
3.1548776626586914,5.0,3.0
3.000000476837158,5.0,3.0
3.0,5.0,5.0
1.0,5.0,1.0
1.2083079814910889,5.0,3.0
3.0,5.0,4.0
1.2083072662353516,5.0,4.0
1.0,5.0,2.0
1.8685803413391113,5.0,4.0
3.2676210403442383,5.0,3.0
2.0,5.0,2.0
1.0,5.0,3.0
2.0,5.0,3.0
3.0,5.0,5.0
3.4143004417419434,5.0,3.0
1.0,5.0,1.0
3.0,5.0,5.0
2.0,5.0,2.0
1.0,5.0,3.0
3.000729560852051,5.0,5.0
2.0,5.0,1.0
1.0849549770355225,5.0,1.0
3.184782028198242,5.0,5.0
2.0,5.0,2.0
3.1151366233825684,5.0,5.0
3.0,5.0,5.0
3.2731757164001465,5.0,1.0
1.0,4.411404848098755,5.0
3.000000476837158,5.0,5.0
2.0,5.0,3.0
2.0,5.0,3.0
1.0,5.0,1.0
1.0,5.0,1.0
3.102992057800293,5.0,4.0
2.0,5.0,3.0
2.2257814407348633,5.0,4.0
2.2792348861694336,5.0,5.0
3.0,5.0,5.0
2.9164962768554688,5.0,4.0
1.819314956665039,5.0,5.0
3.0,5.0,4.0
2.0,5.0,4.0
1.2083072662353516,5.0,3.0
1.2083067893981934,5.0,3.0
1.0,5.0,1.0
3.0,5.0,5.0
1.0,5.0,2.0
3.0,5.0,5.0
3.226604461669922,5.0,5.0
3.0,5.0,5.0
3.0,5.0,4.0
3.0,5.0,5.0
3.0,5.0,5.0
1.0,5.0,1.0
3.0,5.0,1.0
1.9999966621398926,5.0,3.0
2.0,5.0,5.0
3.0,5.0,4.0
3.0,5.0,5.0
2.999999523162842,5.0,4.0
1.1431388854980469,5.0,4.0
1.0,5.0,1.0
2.0,5.0,2.0
2.999999523162842,5.0,5.0
3.0,5.0,5.0
3.0,5.0,4.0
3.0,5.0,5.0
3.072079658508301,5.0,5.0
3.0,5.0,5.0
3.0488944053649902,5.0,4.0
3.0,5.0,4.0
3.0,5.0,4.0
2.0,5.0,5.0
1.9776005744934082,5.0,1.0
1.0,5.0,2.0
1.0,5.0,1.0
3.0,5.0,5.0
3.1611289978027344,5.0,3.0
3.292745590209961,5.0,4.0
1.0,5.0,2.0
3.0,5.0,5.0
3.000000476837158,5.0,5.0
3.000000476837158,5.0,5.0
2.0,5.0,4.0
2.0,5.0,4.0
1.2083079814910889,5.0,5.0
1.0,4.323808670043945,2.0
2.335481643676758,5.0,3.0
