low,up,y_test
1.0,5.0,1.0
1.999999761581421,5.0,3.0
2.943112373352051,5.0,5.0
2.9764175415039062,5.0,5.0
3.0290627479553223,5.0,3.0
1.999999761581421,5.0,3.0
3.0290632247924805,5.0,3.0
1.0,5.0,3.0
2.0,5.0,2.0
3.028585433959961,5.0,5.0
1.0,5.0,2.0
3.0290627479553223,5.0,4.0
1.0,5.0,2.0
3.0178661346435547,5.0,5.0
1.0,5.0,1.0
1.810380458831787,4.948217868804932,5.0
3.0290632247924805,5.0,5.0
2.330826997756958,5.0,3.0
1.0,5.0,5.0
3.0290632247924805,5.0,5.0
2.0,5.0,2.0
1.0,5.0,1.0
3.0290627479553223,5.0,4.0
3.2101030349731445,5.0,5.0
2.9524450302124023,5.0,5.0
1.0,5.0,3.0
3.0290632247924805,5.0,1.0
3.0290632247924805,5.0,5.0
2.0,5.0,5.0
3.0290632247924805,5.0,5.0
3.0290627479553223,5.0,5.0
1.0,5.0,3.0
3.0290627479553223,5.0,4.0
1.999999761581421,5.0,5.0
2.931516647338867,5.0,5.0
1.0,5.0,1.0
3.7509384155273438,5.0,1.0
2.871063232421875,5.0,1.0
1.0,5.0,1.0
1.8103806972503662,4.948218107223511,1.0
3.0290632247924805,5.0,5.0
2.9303102493286133,5.0,5.0
1.0,5.0,2.0
1.0,5.0,1.0
3.0290632247924805,5.0,5.0
3.0290632247924805,5.0,5.0
3.0290632247924805,5.0,5.0
3.0290627479553223,5.0,5.0
2.0,5.0,5.0
1.0,5.0,2.0
1.999999761581421,5.0,2.0
1.0,5.0,3.0
1.8955748081207275,5.0,4.0
3.0290627479553223,5.0,4.0
1.810380220413208,4.9482176303863525,3.0
1.0,5.0,3.0
3.0290632247924805,5.0,5.0
2.0,5.0,2.0
3.0290632247924805,5.0,5.0
1.810380220413208,4.9482176303863525,5.0
3.0290627479553223,5.0,4.0
1.999999761581421,5.0,4.0
1.0,5.0,3.0
1.810380220413208,4.9482176303863525,3.0
1.810380220413208,4.9482176303863525,2.0
1.999999761581421,5.0,4.0
3.0290632247924805,5.0,4.0
3.0290632247924805,5.0,5.0
2.0,5.0,3.0
2.9971413612365723,5.0,4.0
1.0,5.0,1.0
3.0290627479553223,5.0,5.0
3.0178661346435547,5.0,5.0
1.810380220413208,4.9482176303863525,3.0
1.0,5.0,1.0
1.0,5.0,3.0
1.0,5.0,5.0
2.0,5.0,1.0
2.0,5.0,5.0
3.6281065940856934,5.0,4.0
3.0290627479553223,5.0,4.0
3.0290632247924805,5.0,5.0
1.0,5.0,1.0
2.0,5.0,4.0
1.0,5.0,3.0
3.0290632247924805,5.0,5.0
3.0290632247924805,5.0,5.0
2.0189361572265625,5.0,3.0
2.0,5.0,5.0
2.889918804168701,5.0,5.0
1.810380220413208,4.9482176303863525,3.0
1.0,5.0,1.0
2.961000442504883,5.0,4.0
2.0,5.0,5.0
3.0290632247924805,5.0,4.0
3.0290632247924805,5.0,5.0
2.7865943908691406,5.0,5.0
3.0290627479553223,5.0,5.0
1.999999761581421,5.0,4.0
1.999999761581421,5.0,3.0
3.0290627479553223,5.0,5.0
2.0,5.0,2.0
3.0290627479553223,5.0,5.0
1.999999761581421,5.0,5.0
1.0,5.0,3.0
