low,up,y_test
2.9580860137939453,5.0,5.0
1.999999761581421,5.0,5.0
2.9580860137939453,5.0,4.0
1.999999761581421,5.0,2.0
3.3852157592773438,5.0,1.0
2.9580860137939453,5.0,4.0
3.426229476928711,5.0,4.0
2.9580860137939453,5.0,5.0
3.0970840454101562,5.0,5.0
1.0,5.0,3.0
2.9580860137939453,5.0,4.0
1.0,5.0,5.0
2.0000007152557373,5.0,3.0
2.9580860137939453,5.0,5.0
1.0,5.0,1.0
2.9580860137939453,5.0,5.0
1.0,5.0,1.0
2.958085536956787,5.0,5.0
3.2431540489196777,5.0,4.0
1.999999761581421,5.0,1.0
2.9580860137939453,5.0,5.0
1.0,5.0,3.0
1.999999761581421,5.0,5.0
1.9658582210540771,5.0,4.0
2.7777130603790283,5.0,5.0
1.0,3.480490207672119,1.0
1.999999761581421,5.0,2.0
1.0,2.637776494026184,1.0
1.0,4.416085362434387,3.0
2.000000238418579,5.0,4.0
1.0,5.0,1.0
1.0,5.0,1.0
2.9580860137939453,5.0,5.0
1.0,3.544386148452759,4.0
1.999999761581421,5.0,5.0
1.0,5.0,3.0
1.0,5.0,3.0
1.9661335945129395,5.0,5.0
1.0,5.0,3.0
2.958085536956787,5.0,3.0
1.0,3.5976247787475586,1.0
1.0,5.0,1.0
1.0,5.0,5.0
2.9580860137939453,5.0,5.0
1.0,5.0,3.0
2.9580860137939453,5.0,4.0
1.0,5.0,3.0
2.9580860137939453,5.0,5.0
2.0147907733917236,5.0,3.0
1.999999761581421,5.0,2.0
2.0,5.0,4.0
1.0,5.0,3.0
2.9580860137939453,5.0,5.0
2.958085536956787,5.0,4.0
1.999999761581421,5.0,4.0
1.999999761581421,5.0,2.0
1.999999761581421,5.0,5.0
1.0,5.0,3.0
2.9580860137939453,5.0,5.0
1.999999761581421,5.0,2.0
1.0,5.0,2.0
2.7381646633148193,5.0,5.0
2.9580860137939453,5.0,5.0
2.9580860137939453,5.0,3.0
2.5364346504211426,5.0,3.0
2.0,5.0,5.0
2.9580860137939453,5.0,4.0
1.0,3.0473549365997314,2.0
2.974233627319336,5.0,5.0
2.2610533237457275,4.8129637241363525,2.0
3.101834774017334,5.0,5.0
2.9580860137939453,5.0,5.0
2.3508381843566895,5.0,4.0
2.9580860137939453,5.0,5.0
3.2849864959716797,5.0,5.0
2.9580860137939453,5.0,5.0
1.0,5.0,3.0
2.0496912002563477,5.0,1.0
2.9580860137939453,5.0,5.0
2.9580860137939453,5.0,5.0
2.9580860137939453,5.0,5.0
2.0000009536743164,5.0,3.0
1.999999761581421,5.0,2.0
2.0,5.0,2.0
1.999999761581421,5.0,4.0
1.0,5.0,5.0
2.9580860137939453,5.0,5.0
1.0,5.0,4.0
1.999999761581421,5.0,4.0
2.958085536956787,5.0,5.0
1.999999761581421,5.0,4.0
2.9580860137939453,5.0,5.0
3.15411376953125,5.0,3.0
1.0,3.2035903930664062,2.0
2.9580860137939453,5.0,5.0
2.9587740898132324,5.0,5.0
3.0353260040283203,5.0,5.0
1.0,5.0,2.0
2.9580860137939453,5.0,4.0
3.116086483001709,5.0,5.0
2.9580860137939453,5.0,5.0
2.958085536956787,5.0,5.0
2.958085536956787,5.0,5.0
1.0,5.0,5.0
1.0,5.0,3.0
