low,up,y_test
1.0,5.0,1.0
1.0,5.0,3.0
2.0,5.0,1.0
2.0,5.0,4.0
1.8341646194458008,5.0,3.0
1.0,5.0,1.0
3.000000476837158,5.0,5.0
3.0000009536743164,5.0,5.0
1.0,5.0,1.0
3.0000009536743164,5.0,4.0
2.9019479751586914,5.0,3.0
1.0,3.56921923160553,2.0
2.890225410461426,5.0,4.0
2.7507572174072266,5.0,5.0
1.0,5.0,2.0
1.0,5.0,5.0
3.0000009536743164,5.0,5.0
3.0000009536743164,5.0,4.0
2.9682857990264893,5.0,5.0
3.0000009536743164,5.0,5.0
1.0,5.0,3.0
1.0,5.0,1.0
3.0000009536743164,5.0,5.0
2.0,5.0,2.0
3.0000009536743164,5.0,5.0
1.0,5.0,3.0
3.0000009536743164,5.0,5.0
3.0,5.0,5.0
1.1793787479400635,5.0,1.0
1.0,5.0,3.0
2.899017333984375,5.0,3.0
2.8272299766540527,5.0,5.0
2.0,5.0,1.0
2.0,5.0,2.0
2.683560848236084,5.0,5.0
2.2421724796295166,5.0,3.0
2.0,5.0,5.0
1.0,5.0,4.0
2.4352521896362305,5.0,5.0
3.0000009536743164,5.0,4.0
3.0,5.0,5.0
2.0,5.0,5.0
3.0000009536743164,5.0,5.0
2.0000009536743164,5.0,3.0
2.000000476837158,5.0,1.0
3.0000009536743164,5.0,5.0
2.7787320613861084,5.0,4.0
2.0000009536743164,5.0,2.0
1.0,5.0,1.0
3.0000009536743164,5.0,4.0
1.0,5.0,4.0
3.000000476837158,5.0,1.0
2.0,5.0,3.0
2.0,5.0,4.0
1.7792494297027588,5.0,4.0
2.96797513961792,5.0,5.0
3.000000476837158,5.0,5.0
2.0,5.0,5.0
2.0,5.0,2.0
2.021085500717163,5.0,3.0
2.0,5.0,4.0
3.0000009536743164,5.0,4.0
3.0000009536743164,5.0,4.0
1.0,5.0,3.0
2.5647377967834473,5.0,5.0
2.0,5.0,2.0
2.7271299362182617,5.0,4.0
3.0000009536743164,5.0,5.0
2.0,5.0,5.0
2.0,5.0,5.0
3.0000009536743164,5.0,5.0
1.0,4.948314428329468,3.0
1.0,5.0,5.0
2.2083168029785156,5.0,5.0
1.0,5.0,1.0
3.0000009536743164,5.0,5.0
1.0,5.0,5.0
1.0,2.5086971521377563,1.0
2.0,5.0,4.0
3.052704095840454,5.0,5.0
3.0000009536743164,5.0,5.0
3.000000476837158,5.0,4.0
2.0,5.0,4.0
1.5875709056854248,5.0,3.0
1.0,3.6634119749069214,1.0
3.0000009536743164,5.0,5.0
2.1177244186401367,5.0,3.0
2.0,5.0,4.0
2.0,5.0,5.0
1.829073429107666,5.0,4.0
2.0000009536743164,5.0,3.0
2.0000009536743164,5.0,3.0
2.0,5.0,3.0
3.0000009536743164,5.0,5.0
1.0,2.7589844465255737,1.0
3.0000009536743164,5.0,4.0
2.009453535079956,5.0,3.0
3.0000009536743164,5.0,4.0
2.0000009536743164,5.0,3.0
2.0000009536743164,5.0,4.0
3.0000009536743164,5.0,5.0
2.0,5.0,3.0
3.0000009536743164,5.0,5.0
3.0000009536743164,5.0,5.0
3.0000009536743164,5.0,1.0
