low,up,y_test
1.0,5.0,2.0
1.998262537454589,5.0,5.0
1.998262537454589,5.0,5.0
1.0,5.0,2.0
1.0,5.0,5.0
1.9993990082102615,5.0,5.0
1.9993990082102615,5.0,5.0
1.0,5.0,1.0
1.0,5.0,1.0
1.9993990082102615,5.0,5.0
1.9993990082102615,5.0,5.0
1.9993990082102615,5.0,5.0
1.9993990082102615,5.0,5.0
1.998262537454589,5.0,5.0
1.9993990082102615,5.0,5.0
1.0,5.0,2.0
1.0,5.0,2.0
1.998262537454589,5.0,5.0
1.9993990082102615,5.0,2.0
1.9993990082102615,5.0,5.0
1.0,5.0,1.0
1.0,5.0,2.0
1.0,5.0,1.0
1.0,5.0,2.0
1.0,5.0,1.0
1.0,5.0,2.0
1.0,5.0,1.0
1.0,5.0,3.0
1.0,5.0,2.0
1.998262537454589,5.0,4.0
1.0,5.0,1.0
1.0,5.0,4.0
1.9993990082102615,5.0,1.0
1.998262537454589,5.0,1.0
1.9993990082102615,5.0,2.0
1.9993990082102615,5.0,2.0
1.0,5.0,5.0
1.0,5.0,1.0
1.998262537454589,5.0,2.0
1.0,5.0,5.0
1.0,5.0,1.0
1.0,5.0,1.0
1.0,5.0,5.0
1.0,5.0,1.0
1.0,5.0,2.0
1.0,5.0,2.0
1.0,5.0,2.0
1.0,5.0,1.0
1.9993990082102615,5.0,5.0
1.9993990082102615,5.0,1.0
1.0,5.0,1.0
1.9993990082102615,5.0,5.0
1.0,5.0,1.0
1.9993990082102615,5.0,5.0
1.9993990082102615,5.0,5.0
1.9993990082102615,5.0,1.0
1.0,5.0,1.0
1.0,5.0,2.0
1.0,5.0,5.0
1.0,5.0,2.0
1.9993990082102615,5.0,5.0
1.998262537454589,5.0,5.0
1.998262537454589,5.0,5.0
1.9993990082102615,5.0,5.0
1.0,5.0,5.0
1.0,5.0,2.0
1.9993990082102615,5.0,5.0
1.9993990082102615,5.0,5.0
1.9993990082102615,5.0,5.0
1.9993990082102615,5.0,2.0
1.9993990082102615,5.0,5.0
1.0,5.0,1.0
1.0,5.0,1.0
1.9993990082102615,5.0,5.0
1.9993990082102615,5.0,5.0
1.9993990082102615,5.0,5.0
1.0,5.0,2.0
1.9993990082102615,5.0,5.0
1.9993990082102615,5.0,5.0
1.998262537454589,5.0,5.0
1.0,5.0,1.0
1.9993990082102615,5.0,5.0
1.9993990082102615,5.0,5.0
1.0,5.0,1.0
1.9993990082102615,5.0,5.0
1.0,5.0,2.0
1.0,5.0,5.0
1.998262537454589,5.0,2.0
1.9993990082102615,5.0,2.0
1.0,5.0,2.0
1.9993990082102615,5.0,5.0
1.9993990082102615,5.0,5.0
1.998262537454589,5.0,5.0
1.0,5.0,5.0
1.0,5.0,1.0
1.9993990082102615,5.0,5.0
1.998262537454589,5.0,5.0
1.9993990082102615,5.0,5.0
1.0,5.0,1.0
1.998262537454589,5.0,5.0
