low,up,y_test
1.0,4.152747539519846,2.0
1.0,4.152747539519846,1.0
1.0,4.1534209619205695,1.0
1.0,5.0,4.0
1.0,4.152747539519846,3.0
1.0,4.152747539519846,1.0
1.0,5.0,3.0
1.0,5.0,1.0
1.0,4.1534209619205695,4.0
1.0,5.0,3.0
1.0,4.152747539519846,1.0
1.0,4.152747539519846,2.0
1.0,4.999326577599277,3.0
1.0,4.152747539519846,2.0
1.0,4.152747539519846,1.0
1.0,4.998023708041728,3.0
1.0,4.152747539519846,1.0
1.0,4.1534209619205695,4.0
1.0,4.152747539519846,1.0
1.0,4.152747539519846,5.0
1.0,4.1534209619205695,1.0
1.0,4.1534209619205695,4.0
1.0,4.152747539519846,1.0
1.0,4.152747539519846,4.0
1.0,4.999326577599277,3.0
1.0,4.152747539519846,2.0
1.0,5.0,1.0
1.0,4.1534209619205695,1.0
1.0,5.0,3.0
1.0,4.152747539519846,1.0
1.0,5.0,3.0
1.0,4.999326577599277,5.0
1.0,4.154723831478118,4.0
1.0,5.0,3.0
1.0,4.152747539519846,3.0
1.0,4.152747539519846,5.0
1.0,4.997515462722276,4.0
1.0,4.1534209619205695,5.0
1.0,4.152747539519846,2.0
1.0,4.1534209619205695,5.0
1.0,4.9986971304424515,3.0
1.0,4.152747539519846,4.0
1.0,4.152747539519846,1.0
1.0,4.152747539519846,3.0
1.0,4.152747539519846,3.0
1.0,4.1534209619205695,3.0
1.0,4.9986971304424515,1.0
1.0,4.1534209619205695,4.0
1.0,5.0,5.0
1.0,4.152747539519846,1.0
1.0,5.0,1.0
1.0,4.152747539519846,3.0
1.0,4.1534209619205695,1.0
1.0,4.152747539519846,2.0
1.0,4.152747539519846,2.0
1.0,4.152747539519846,3.0
1.0,4.152747539519846,3.0
1.0,5.0,4.0
1.0,5.0,5.0
1.0,4.152747539519846,1.0
1.0,5.0,4.0
1.0,4.152747539519846,2.0
1.0,4.152747539519846,1.0
1.0,5.0,4.0
1.0,4.152747539519846,3.0
1.0,4.152747539519846,5.0
1.0,4.152747539519846,4.0
1.0,4.1534209619205695,3.0
1.0,4.152747539519846,4.0
1.0,4.152747539519846,3.0
1.0,5.0,4.0
1.0,5.0,3.0
1.0,4.152747539519846,2.0
1.0,4.999326577599277,4.0
1.0,4.154723831478118,1.0
1.0,4.152747539519846,1.0
1.0,4.1534209619205695,4.0
1.0,4.152747539519846,3.0
1.0,4.152747539519846,1.0
1.0,5.0,4.0
1.0,4.152747539519846,1.0
1.0,4.152747539519846,1.0
1.0,5.0,3.0
1.0,4.152747539519846,5.0
1.0,5.0,1.0
1.0,4.152747539519846,2.0
1.0,4.1534209619205695,5.0
1.0,4.152747539519846,3.0
1.0,5.0,5.0
1.0,5.0,5.0
1.0,4.1534209619205695,5.0
1.0,4.152747539519846,3.0
1.0,5.0,4.0
1.0,4.152747539519846,1.0
1.0,4.152747539519846,1.0
1.0,5.0,1.0
1.0,4.152747539519846,1.0
1.0,5.0,4.0
